UNIPROT_IDs,Gene name,Locus name,Secondary tag,Toxic in yeast,ECOD domains #,Domains architecture
Q5ZZH2,legA10/ankQ,lpg0038,AVR58_00185,Yes,1,Ank(1-505)
Q5ZZD1,ceg3,lpg0080,AVR58_00410,Yes,1,ADPrib(27-255)
Q5ZZC5,,lpg0086,AVR58_00440,Yes,1,TM(1-641)
Q5ZZC1,,lpg0090,AVR58_00460,Yes,3,ARM(1-563+628-1000) RIFT/Aracem(564-627) ARM(1001-1283)
Q5ZZ71,CetLp1,lpg0140,AVR58_00705,Yes,1,TM(1-444)
Q5ZYX7,sidE,lpg0234,AVR58_01165,Yes,5,Cyspro(1-198) SidE2(233-585) ADPrib(598-900) SdeAhel(906-1092) SdeA3HB(1099-1447)
Q5ZYT6,sdbA,lpg0275,AVR58_01375,Yes,3,ab_hydro(1-507) UDPGluco(531-819) UDPGluco(820-1046)
Q5ZYJ6,SdhA,lpg0376,AVR58_01860,Yes,1,HR(1-1429)
Q5ZYI2,VipA,lpg0390,AVR58_01925,Yes,2,HR(13-219) diso(220-352)
Q5ZYH1,ceg11,lpg0401,AVR58_01980,Yes,1,IIIsyschap(1-220)
Q5ZYH0,LegA9/Ceg12/AnkY,lpg0402,AVR58_01985,Yes,3,UDPGluco(1-172+383-399) UDPGluco(173-372) Ank(400-548)
Q5ZYD5,ceg14,lpg0437,AVR58_02165,Yes,3,ARM(78-225) HR(240-329) PAP2(330-605)
Q5ZY89,LegA12/AnkC,lpg0483,AVR58_02380,Yes,1,Ank(1-475)
Q5ZXT9,wipB,lpg0642,AVR58_03150,Yes,2,MPhos(1-367) HR(416-516)
Q5ZXN8,ligA,lpg0693,AVR58_03400,Yes,3,Ank(16-227) Ploop(228-500) HR(501-1380)
Q5ZXN6,LegA8/AnkN/AnkX,lpg0695,AVR58_03410,Yes,3,Fic(1-98+184-345) PhosCholins(99-183) Ank(342-921)
Q5ZX35,ceg18,lpg0898,AVR58_04415,Yes,1,HR(1-234)
Q5ZX31,,lpg0902,AVR58_04435,Yes,2,HR(1-226) diso(227-298)
Q5ZWZ3,LidA,lpg0940,AVR58_04630,Yes,3,HR(63-184) LidA(232-537) HR(626-695)
Q5ZWY9,ravJ,lpg0944,AVR58_04650,Yes,2,Cyspro(1-216) LPG0944C(255-355)
Q5ZWW5,_,lpg0969,AVR58_04775,Yes,1,Zinc(1-174)
Q5ZWE8,Ceg20,lpg1137,AVR58_05635,Yes,1,ADP_ATPcarr(1-315)
Q5ZWD1,ravQ,lpg1154,AVR58_05720,Yes,2,diso(1-55) New?(56-360)
Q5ZWA2,lem8,lpg1183,AVR58_05875,Yes,4,PsbP(1-258) HR(259-411) TM(450-500) HR(546-615)
Q5ZVZ8,,lpg1290,AVR58_06425,Yes,3,HR(1-243) Cyspro(244-457) diso(466-528)
Q5ZVT5,SidG,lpg1355,AVR58_06750,Yes,3,Cyspro(16-195+563-665) HR(194-562) HR(678-929)
Q5ZVS2,Lgt1,lpg1368,AVR58_06815,Yes,2,GlucotranN(1-109) NucDiStran(110-525)
Q5ZVL4,VpdC,lpg1426,AVR58_07105,Yes,4,New?(1-239) New?(271-299+623-678) PhosphoLip(300-622) HR(719-869)
Q5ZVF7,LegK1,lpg1483,AVR58_07390,Yes,2,Pkin(1-380) HR(381-500)
Q5ZVF2,Ltg3,lpg1488,AVR58_07415,Yes,3,HR(1-207) NucDiStran(208-621) HR(721-863)
Q5ZVF1,RavX,lpg1489,AVR58_07420,Yes,1,New?(93-288)
Q5ZV17,lem12,lpg1625,AVR58_08100,Yes,1,diso(1-130)
Q5ZUU1,legC3/ppeA/ktn1,lpg1701,AVR58_08475,Yes,3,LegC3N(1-365) TM(370-430) HR(430-558)
Q5ZUK0,mavU,lpg1798,AVR58_08960,Yes,2,RhoGAP(1-220) HR(221-336)
Q5ZU58,RalF,lpg1950,AVR58_09725,Yes,2,Sec7(1-195) RalFC(196-374)
Q5ZU49,,lpg1959,AVR58_09770,Yes,3,HR(1-166) ab_hydro(177-638) TM(310-410)
Q5ZU47,,lpg1961,AVR58_09780,Yes,2,NucDiStran(27-328) RavZC(436-504)
Q5ZU30,SetA,lpg1978,AVR58_09875,Yes,3,NucDiStran(1-223) New?(282-450) New?(515-628)
Q5ZTV8,,lpg2050,AVR58_10240,Yes,1,Pkin(1-344)
Q5ZTK8,sidE,lpg2153,AVR58_10770,Yes,6,Cyspro(1-200) SidE2(227-465) ADPrib(553-901) SdeAhel(902-1121) SdeA3HB(1122-1224) HR(1355-1510)
Q5ZTK6,SidJ,lpg2155,AVR58_10780,Yes,3,SidJN(135-315) Pkin(321-759) SidJC(760-863)
Q5ZTK5,sdeB,lpg2156,AVR58_10785,Yes,6,Cyspro(1-196) SidE2(237-463) ADPrib(598-907) SdeAhel(908-1119) SdeA3HB(1120-1224) SdeA3HB(1225-1921)
Q5ZTK4,sidE,lpg2157,AVR58_10790,Yes,5,Cyspro(1-196) SidE2(238-587) ADPrib(588-904) SdeAhel(901-1100) SdeA3HB(1101-1499)
Q5ZTG3,mavD,lpg2199,AVR58_10990,Yes,1,HR(1-182)
Q5ZT67,YlfA/LegC7,lpg2298,AVR58_11490,Yes,1,HR(1-425)
Q5ZT43,LegA5/AnkK,lpg2322,AVR58_11615,Yes,3,Pkin(1-102) HR(103-204) ARM(205-622)
Q5ZSV6,vpdA,lpg2410,AVR58_12080,Yes,3,New?(23-51+404-459) PhosphoLip(53-403) WYR(513-655)
Q5ZSU1,_,lpg2425,AVR58_12155,Yes,1,HR(125-266)
Q5ZSQ6,,lpg2461,AVR58_12345,Yes,1,Zinc(1-205)
Q5ZSQ3,sidM/drrA,lpg2464,AVR58_12360,Yes,3,NucTran(1-200) SidMDG(216-532) SidMC(533-647)
Q5ZSN5,sdbB,lpg2482,AVR58_12450,Yes,2,ab_hydro(1-348) SdbCC(349-448)
Q5ZSM7,LepB,lpg2490,AVR58_12495,Yes,4,Pkin(1-323) LepBN(328-500) LepBC(530-617) HR(620-1294)
Q5ZSL3,ceg32/sidI,lpg2504,AVR58_12580,Yes,5,UDPGluco(1-51+427-568) New?(52-137+228-247) HR(138-227) HR(264-393) UDPGluco(577-857)
Q5ZSJ8,,lpg2519,AVR58_12655,Yes,1,HR(1-186)
Q5ZSJ4,lem26,lpg2523,AVR58_12675,Yes,3,ADPrib(5-324) HR(347-479) SidE2(493-761)
Q5ZSJ0,lnaB,lpg2527,AVR58_12695,Yes,3,HR(1-93) New?(94-311) HR(348-479)
Q5ZSG5,lecE,lpg2552,AVR58_12830,Yes,2,TM(1-115) HR(116-413)
Q5ZSB6,_,lpg2603,AVR58_13090,Yes,3,Cystatin(1-62) Pkin(63-325) SidMC(326-413)
Q5ZRR7,vipE,lpg2813,AVR58_14125,Yes,2,VipE(1-156) HR(157-254)
Q5ZRQ2,,lpg2828,AVR58_14200,Yes,1,HR(1-418)
Q5ZRQ1,sidH,lpg2829,AVR58_14205,Yes,1,HR(1-2225)
Q5ZRL9,Lgt2,lpg2862,AVR58_14370,Yes,3,HR(1-77) HR(109-194) NucDiStran(195-636)
Q5ZRK2,mavO,lpg2879,AVR58_14460,Yes,1,CysZ(1-577)
Q5ZRA8,mavQ,lpg2975,AVR58_14985,Yes,2,Pkin(1-579) HR(586-858)
Q5ZZK2,,lpg0008,AVR58_00040,No,1,ARM(1-347)
Q5ZZJ8,,lpg0012,AVR58_00060,No,1,New?(1-474)
Q5ZZI9,,lpg0021,AVR58_00105,No,2,DUF615N(1-86) DUF615C(87-159)
Q5ZZI0,,lpg0030,AVR58_00150,No,2,DnaJ(1-88) HR(154-296)
Q5ZZH5,,lpg0035,AVR58_00170,No,1,BetaHel(22-118)
Q5ZZG9,,lpg0041,AVR58_00200,No,5,Zinc(24-173) Zinc(174-351) Imm(352-547) Imm(548-651) Imm(652-742)
Q5ZZG5,,lpg0045,AVR58_00230,No,1,diso(1-70)
Q5ZZG4,,lpg0046,AVR58_00235,No,1,Hom(37-132)
Q5ZZF4,,lpg0056,AVR58_00285,No,1,Cyspro(1-239)
Q5ZZF1,,lpg0059,AVR58_00300,No,2,TM(1-289) diso(290-363)
Q5ZZD0,,lpg0081,AVR58_00415,No,1,Macro(19-430)
Q5ZZC9,,lpg0082,AVR58_00420,No,1,HR(11-144)
Q5ZZB5,,lpg0096,AVR58_00490,No,2,HAD(2-204) TM(260-320)
Q5ZZA8,vipF,lpg0103,AVR58_00525,No,1,AcylC10(1-286)
Q5ZZA4,,lpg0107,AVR58_00545,No,2,TATAboxb(1-116) HR(117-268)
Q5ZZ99,,lpg0112,AVR58_00565,No,1,ARM(1-1025)
Q5ZZ85,,lpg0126,AVR58_00635,No,4,Cyspro(1-161) SH3(162-253) ARM(254-585) HR(586-1066)
Q5ZZ81,,lpg0130,AVR58_00655,No,3,PinPh(1-192+310-671) PInPhins(193-309) PInPhC(672-822)
Q5ZZ76,sdhB,lpg0135,AVR58_00680,No,1,HR(1-1865)
Q5ZZ51,,lpg0160,AVR58_00815,No,2,Cyspro(12-195) HR(214-325)
Q5ZZ41,,lpg0170,AVR58_00860,No,1,TIIExp(1-251)
Q5ZZ40,legU1,lpg0171,AVR58_00865,No,2,Fbox(16-65) TM(87-136)
Q5ZZ39,,lpg0172,AVR58_00870,No,2,New?(1-109) Hom(152-211)
Q5ZZ30,Lart1,lpg0181,AVR58_00915,No,1,ADPrib(33-272)
Q5ZZ20,,lpg0191,AVR58_00960,No,3,HR(1-120) LPG1496N(121-248) HR(249-317)
Q5ZZ16,,lpg0195,AVR58_00975,No,2,ChaN(9-230) HTH(231-330)
Q5ZZ15,,lpg0196,AVR58_00980,No,2,New?(1-157+252-358) HR(158-251)
Q5ZZ03,pkn5,lpg0208,AVR58_01035,No,3,Pkin(1-408) ARM(409-790) ARM(791-946)
Q5ZZ02,,lpg0209,AVR58_01040,No,1,ARM(42-638)
Q5ZZ01,,lpg0210,AVR58_01045,No,1,ARM(1-195)
Q5ZYY4,,lpg0227,AVR58_01130,No,2,Cyspro(1-85+213-262) HR(86-212)
Q5ZYX1,recN,lpg0240,AVR58_01195,No,1,HTH(1-196)
Q5ZYW5,,lpg0246,AVR58_01225,No,2,TM(51-120) dsRNAb(142-230)
Q5ZYV7,,lpg0254,AVR58_01265,No,1,IIB(14-164)
Q5ZYV1,,lpg0260,AVR58_01295,No,1,HR(14-132)
Q5ZYT5,legG2,lpg0276,AVR58_01380,No,1,RasGEF(6-385)
Q5ZYT2,,lpg0279,AVR58_01395,No,2,BacChMutY(1-196+290-388) RIFT(197-289)
Q5ZYS7,,lpg0284,AVR58_01420,No,1,Cyspro(58-290)
Q5ZYS6,,lpg0285,AVR58_01425,No,1,Cyspro(1-181)
Q5ZYR1,,lpg0301,AVR58_01510,No,1,MFPT(36-157)
Q5ZYK8,,lpg0364,AVR58_01800,No,1,RIFT/FMN(8-101)
Q5ZYK7,,lpg0365,AVR58_01805,No,1,ARM(7-825)
Q5ZYJ7,,lpg0375,AVR58_01855,No,1,HAD(17-199)
Q5ZYH9,,lpg0393,AVR58_01945,No,2,VPS9(1-166) LPG0393hel(167-258)
Q5ZYG9,legA7,lpg0403,AVR58_01990,No,2,Cyspro(38-282) Ank(283-478)
Q5ZYG8,,lpg0404,AVR58_01995,No,1,SNF(1-467)
Q5ZYG7,,lpg0405,AVR58_02000,No,1,Pric(1-174)
Q5ZYF0,legY,lpg0422,AVR58_02090,No,1,Ator/GH15(12-423)
Q5ZYD6,legA11,lpg0436,AVR58_02160,No,1,Ank(9-193)
Q5ZYD3,,lpg0439,AVR58_02170,No,2,TM(1-70) HIT(85-295)
Q5ZY57,legD2,lpg0515,AVR58_02545,No,1,BetaHel/PhyH(13-291)
Q5ZY54,,lpg0518,AVR58_02560,No,1,TM(1-269)
Q5ZY53,,lpg0519,AVR58_02565,No,2,HR(1-178+286-661) New?(179-285)
Q5ZY24,,lpg0550,AVR58_02705,No,3,HR(8-90) Ross/Nuc(95-533) BetaHel/cNMPb(540-738)
Q5ZY12,,lpg0563,AVR58_02775,No,1,HR(1-97)
Q5ZXZ9,,lpg0581,AVR58_02840,No,1,diso(1-61)
Q5ZXW0,sidA,lpg0621,AVR58_03045,No,1,TM(7-363)
Q5ZXU7,,lpg0634,AVR58_03110,No,2,LPG1851(7-178) LPG1851(179-396)
Q5ZXT6,,lpg0645,AVR58_03160,No,4,SerMC(1-124) Imm(125-216) Ank(217-476) SerMC(530-681)
Q5ZXR1,,lpg0670,AVR58_03285,No,1,PhosphoLip(1-341)
Q5ZXN5,lem3,lpg0696,AVR58_03415,No,2,ThrPho2C(1-387) HR(388-552)
Q5ZXL5,,lpg0716,AVR58_03515,No,1,TM(4-320)
Q5ZXL4,,lpg0717,AVR58_03520,No,1,New?(24-153)
Q5ZXJ8,,lpg0733,AVR58_03600,No,3,HR(1-158) New?(159-272) LPG2148ins(273-364)
Q5ZXG1,,lpg0770,AVR58_03780,No,2,UDPGluco(1-306) UDPGluco(307-505)
Q5ZXE3,,lpg0788,AVR58_03865,No,1,SGNHhydro(43-381)
Q5ZXD5,,lpg0796,AVR58_03905,No,2,Fbox(21-70) ADPrib(71-208)
Q5ZXA9,,lpg0823,AVR58_04040,No,1,diso(1-111)
Q5ZX12,,lpg0921,AVR58_04535,No,2,DnaJ(1-157) HR(309-402)
Q5ZX07,,lpg0926,AVR58_04560,No,1,HR(1-208)
Q5ZWY8,legL1,lpg0945,AVR58_04655,No,1,LRR(1-250)
Q5ZWY2,ychK,lpg0952,AVR58_04690,No,1,PhosphoLip(1-292)
Q5ZWX1,,lpg0963,AVR58_04745,No,2,TM(230-290) LPG1851(1-186+322-334)
Q5ZWW7,,lpg0967,AVR58_04765,No,1,HR(1-183)
Q5ZWW6,,lpg0968,AVR58_04770,No,2,SidK(1-266) HR(267-564)
Q5ZWT4,,lpg1001,AVR58_04940,No,2,HR(33-115) PilP(118-189)
Q5ZWK2,,lpg1083,AVR58_05340,No,1,ARM(1-227)
Q5ZWI7,,lpg1098,AVR58_05420,No,1,TM(1-63)
Q5ZWI6,,lpg1099,AVR58_05425,No,1,TM(1-152)
Q5ZWI4,,lpg1101,AVR58_05435,No,2,HAD(17-209) SidMC(223-317)
Q5ZWH9,,lpg1106,AVR58_05460,No,1,Ank(26-424)
Q5ZWH7,,lpg1108,AVR58_05470,No,1,ab_hydro(10-264)
Q5ZWH6,,lpg1109,AVR58_05475,No,1,ARM(161-679)
Q5ZWH5,,lpg1110,AVR58_05485,No,1,Cyspro(7-207)
Q5ZWH4,,lpg1111,AVR58_05490,No,1,Ubox(1-103)
Q5ZWG5,,lpg1120,AVR58_05540,No,2,Cyspro(1-257) HR(258-449)
Q5ZWG4,,lpg1121,AVR58_05545,No,2,Lem22(1-96) RavZC(130-242)
Q5ZWG1,,lpg1124,AVR58_05565,No,1,HR(12-179)
Q5ZWF6,,lpg1129,AVR58_05590,No,3,Casp(1-227) SH2(228-352) diso(353-519)
Q5ZWE1,,lpg1144,AVR58_05670,No,1,diso(1-157)
Q5ZWE0,,lpg1145,AVR58_05675,No,3,ARM(14-392+533-627) AnkHins(393-532) PLPtransC(668-760)
Q5ZWD8,,lpg1147,AVR58_05685,No,1,AcylC(12-167)
Q5ZWD7,,lpg1148,AVR58_05690,No,2,Cyspro(1-304) TM(360-420)
Q5ZWD4,,lpg1151,AVR58_05705,No,2,UDPGluco(1-185) UDPGluco(186-467)
Q5ZWD3,,lpg1152,AVR58_05710,No,1,HR(114-260)
Q5ZWC7,,lpg1158,AVR58_05740,No,3,ACPbtran(1-76) PLPtransC(77-194) HR(195-236)
Q5ZWB9,,lpg1166,AVR58_05785,No,1,HR(26-478+547-654)
Q5ZWB4,,lpg1171,AVR58_05810,No,1,HR(1-130)
Q5ZW60,,lpg1227,AVR58_06095,No,2,PhosphoLip(14-449) HR(490-572)
Q5ZW15,,lpg1273,AVR58_06335,No,2,Imm(59-191+294-349) HR(192-243)
Q5ZVX6,legC1,lpg1312,AVR58_06535,No,6,HR(1-17+58-180) LPG2148ins(209-300) PLPtransC(351-527) RIFT/PUA(548-636) CheY(721-772+897-1012) HR(773-894)
Q5ZVX2,,lpg1316,AVR58_06555,No,1,Pkin(42-328)
Q5ZVX1,,lpg1317,AVR58_06560,No,1,Pkin(13-295)
Q5ZVX0,,lpg1318,AVR58_06565,No,3,Osmo(18-229+463-501) HR(230-462) Imm(502-660)
Q5ZVW1,legT,lpg1328,AVR58_06615,No,5,Imm(41-140) Imm(141-250) Imm(251-370) Osmo(371-553+753-802) Lamina(554-752)
Q5ZVT6,,lpg1354,AVR58_06745,No,2,SGNHhydro(1-300) HR(301-391)
Q5ZVT4,,lpg1356,AVR58_06755,No,1,ARM(1-376)
Q5ZVR3,rsfS,lpg1377,AVR58_06860,No,1,NucTran(1-112)
Q5ZVQ3,,lpg1387,AVR58_06910,No,2,Cyspro(1-139+359-462) HR(140-358)
Q5ZVN2,licA,lpg1408,AVR58_07015,No,2,Fbox(17-51) Pkin(52-371)
Q5ZVJ1,,lpg1449,AVR58_07220,No,4,BPI(75-266) Imm(267-385) TIM(386-730) HR(731-843)
Q5ZVI7,,lpg1453,AVR58_07240,No,1,HR(27-126)
Q5ZVF6,,lpg1484,AVR58_07395,No,2,PLPtransC(1-89) HisKinSen(90-213)
Q5ZVE9,,lpg1491,AVR58_07430,No,3,HTH(21-99) HTH(110-187) HR(201-377)
Q5ZVE4,,lpg1496,AVR58_07450,No,3,LPG1496N(1-129) LPG1496N(152-297) SidE2(298-598)
Q5ZVE1,,lpg1499,AVR58_07465,No,1,HR(22-177)
Q5ZVB5,,lpg1525,AVR58_07595,No,2,BetaHel/cNMPb(23-167) RPA3313(168-401)
Q5ZVB3,,lpg1527,AVR58_07605,No,1,TM(1-151)
Q5ZV89,,lpg1551,AVR58_07725,No,1,New?(143-241)
Q5ZV62,,lpg1578,AVR58_07865,No,1,PHl(1-149)
Q5ZV52,legC6,lpg1588,AVR58_07920,No,3,HR(1-164) New?(165-479) HR(523-634)
Q5ZV42,,lpg1598,AVR58_07970,No,1,HTH(1-353)
Q5ZV40,legL2,lpg1602,AVR58_07985,No,1,LRR(1-428)
Q5ZV21,,lpg1621,AVR58_08080,No,2,Cyspro(11-347) TM(360-439)
Q5ZV09,,lpg1633,AVR58_08140,No,1,PAP2(1-218)
Q5ZV03,,lpg1639,AVR58_08170,No,3,BleRDD(38-186) BleRDD(187-299) BleRDD(300-400)
Q5ZV00,sidB,lpg1642,AVR58_08185,No,1,ab_hydro(1-417)
Q5ZUY8,,lpg1654,AVR58_08245,No,1,ARM(1-311)
Q5ZUY2,legL3,lpg1660,AVR58_08275,No,1,LRR(1-425)
Q5ZUY1,,lpg1661,AVR58_08280,No,1,TM(2-372)
Q5ZUX9,,lpg1663,AVR58_08290,No,1,HR(20-134)
Q5ZUX6,,lpg1666,AVR58_08305,No,2,Ross/FAD_NAD(P)(13-245+349-403) FADredC(246-348)
Q5ZUX5,,lpg1667,AVR58_08310,No,2,EndopN(57-176) Zinc(177-455)
Q5ZUX2,,lpg1670,AVR58_08330,No,1,LPG1670(1-280)
Q5ZUV9,ravZ,lpg1683,AVR58_08395,No,2,Cyspro(29-325) RavZC(326-429)
Q5ZUV8,,lpg1684,AVR58_08400,No,1,Pkin(51-416)
Q5ZUV7,,lpg1685,AVR58_08405,No,1,LPG1670(5-289)
Q5ZUV5,,lpg1687,AVR58_08415,No,1,RasGEF(1-400)
P37033,,lpg1689,AVR58_08425,No,1,TM(115-165)
Q5ZUV0,,lpg1692,AVR58_08440,No,4,Fbox(1-63) Ank(70-140+268-282) LPG2148ins(141-267) New?(283-421)
Q5ZUU0,,lpg1702,AVR58_08480,No,2,LegC3N(1-290) TM(290-546)
Q5ZUS6,,lpg1716,AVR58_08550,No,1,New?(1-103)
Q5ZUS5,,lpg1717,AVR58_08555,No,2,HUP(1-261) Ank(262-522)
Q5ZUS4,legAS4,lpg1718,AVR58_08560,No,2,SET(81-255) Ank(256-544)
Q5ZUP2,,lpg1751,AVR58_08720,No,2,LPG1851(43-255) HR(256-435)
Q5ZUP1,,lpg1752,AVR58_08725,No,1,LPG1851(1-197)
Q5ZUL7,,lpg1776,AVR58_08845,No,1,TM(1-161)
Q5ZUK1,,lpg1797,AVR58_08955,No,2,Cyspro(8-126+266-384) HR(127-265)
Q5ZUJ5,,lpg1803,AVR58_08985,No,1,HR(1-247)
Q5ZUH6,,lpg1822,AVR58_09085,No,1,TM(1-332)
Q5ZUG2,,lpg1836,AVR58_09155,No,2,HR(10-295+426-463) BacChMutO(296-425)
Q5ZUE7,,lpg1851,AVR58_09230,No,1,LPG1851(1-197)
Q5ZUC3,legC2,lpg1884,AVR58_09395,No,1,TM(1-405)
Q5ZUB9,,lpg1888,AVR58_09415,No,2,PlipD(12-243) PlipD(244-443)
Q5ZUB7,legLC8,lpg1890,AVR58_09425,No,1,LRR(1-440)
Q5ZUB2,,lpg1895,AVR58_09450,No,1,HR(13-163)
Q5ZUA0,,lpg1907,AVR58_09510,No,2,ab_hydro(1-343) TM(355-601)
Q5ZU98,,lpg1909,AVR58_09520,No,2,Cyspro(1-215) HR(216-331)
Q5ZU83,,lpg1924,AVR58_09595,No,4,Ank(1-186) Pkin(187-474) LegK7C(475-532) LegK7C(533-767)
Q5ZU82,,lpg1925,AVR58_09600,No,5,DnaD(1-109) New?(110-320) New?(321-455) HR(456-528) Ank(529-821)
Q5ZU77,,lpg1931,AVR58_09630,No,1,Casp(11-213)
Q5ZU75,,lpg1933,AVR58_09640,No,1,LRR(1-204)
Q5ZU61,,lpg1947,AVR58_09710,No,1,HR(4-248)
Q5ZU60,legLC4,lpg1948,AVR58_09715,No,1,LRR(1-297)
Q5ZU59,,lpg1949,AVR58_09720,No,2,Cyspro(6-327) HR(328-446)
Q5ZU55,legC4,lpg1953,AVR58_09740,No,3,TipC(1-149) ARM(150-527) HR(527-687)
Q5ZU51,,lpg1957,AVR58_09760,No,1,HR(11-317)
Q5ZU50,legL5,lpg1958,AVR58_09765,No,1,LRR(1-534)
Q5ZU48,,lpg1960,AVR58_09775,No,1,LPG1960(1-257)
Q5ZU46,,lpg1962,AVR58_09785,No,1,ProIs(23-188)
Q5ZU45,,lpg1963,AVR58_09790,No,4,HR(6-186+320-360) New?(187-320) HR(361-499) New?(522-681)
Q5ZU44,,lpg1964,AVR58_09795,No,2,New?(60-225) New?(226-404)
Q5ZU43,,lpg1965,AVR58_09800,No,3,HR(1-389) Cyspro(390-611) ARM(632-951)
Q5ZU42,,lpg1966,AVR58_09805,No,2,HR(1-250) Cyspro(251-470)
Q5ZU39,,lpg1969,AVR58_09830,No,2,LegC3N(1-559) TM(425-490)
Q5ZU36,,lpg1972,AVR58_09845,No,1,Kinet(1-111)
Q5ZU32,legG1,lpg1976,AVR58_09865,No,1,7pro(31-235)
Q5ZU26,,lpg1982,AVR58_09895,No,2,FADredC(1-60) ARM(156-335)
Q5ZU22,,lpg1986,AVR58_09915,No,4,DNAprim(22-123) Toprim(124-266) HR(267-633) ResN(652-677+732-937)
Q5ZU18,,lpg1990,AVR58_09935,No,1,HR(50-213)
Q5ZTW0,,lpg2048,AVR58_10230,No,1,HR(1-171)
Q5ZTT8,,lpg2073,AVR58_10365,No,3,Imm(5-249) New?(250-380) HEPN(381-535)
Q5ZTN3,,lpg2128,AVR58_10645,No,1,PInPhC(88-213)
Q5ZTN0,legA6,lpg2131,AVR58_10660,No,1,Ank(67-155)
Q5ZTM4,legK2,lpg2137,AVR58_10690,No,2,Pkin(1-332) HR(333-491)
Q5ZTL8,,lpg2143,AVR58_10720,No,2,SpoIIaa(1-126) Cyspro(127-313)
Q5ZTL7,legAU13,lpg2144,AVR58_10725,No,2,Fbox(3-50) Ank(51-157)
Q5ZTL4,,lpg2147,AVR58_10740,No,3,Cyspro(1-129+226-382) LPG2148ins(130-225) HR(415-476)
Q5ZTL3,,lpg2148,AVR58_10745,No,2,Cyspro(1-108+204-362) LPG2148ins(109-203)
Q5ZTL2,,lpg2149,AVR58_10750,No,1,LPG2149(1-119)
Q5ZTK7,,lpg2154,AVR58_10775,No,1,SidE2(1-314)
Q5ZTK1,,lpg2160,AVR58_10805,No,2,New?(1-332) HR(333-433)
Q5ZTJ7,,lpg2164,AVR58_10825,No,1,TM(1-142)
Q5ZTJ5,,lpg2166,AVR58_10835,No,1,HR(1-356)
Q5ZTI6,,lpg2176,AVR58_10885,No,2,PLPtrans(103-420) PLPtransC(421-531)
Q5ZTI0,,lpg2182,AVR58_10915,No,1,Ross/SM(1-253)
Q5ZTG2,,lpg2200,AVR58_10995,No,1,ACPbtran(1-169)
Q5ZTF6,,lpg2206,AVR58_11025,No,1,MPhos(27-366)
Q5ZTF5,,lpg2207,AVR58_11030,No,2,LDtrans(43-233) New?(263-407)
Q5ZTF2,,lpg2210,AVR58_11045,No,2,Bacp35(30-262) LPG2210C(263-349)
Q5ZTE7,legA2,lpg2215,AVR58_11070,No,2,Cyspro(1-244) Ank(245-501)
Q5ZTE6,,lpg2216,AVR58_11075,No,1,HR(1-578)
Q5ZTE0,,lpg2222,AVR58_11105,No,1,ARM(14-375)
Q5ZTD9,,lpg2223,AVR58_11110,No,1,New?(1-384)
Q5ZTD8,,lpg2224,AVR58_11120,No,2,Fbox(12-69) 7pro(70-523)
Q5ZTC3,,lpg2239,AVR58_11200,No,5,LPG2422hbun(1-153) SidE2(158-460) New?(513-730) Ank(731-1000) Ank(1001-1285)
Q5ZTB8,,lpg2244,AVR58_11225,No,1,ARM(4-932)
Q5ZTB4,,lpg2248,AVR58_11250,No,3,Cyspro(1-286) Cyspro(297-543) HR(617-734)
Q5ZTA5,,lpg2257,AVR58_11295,No,1,PsbP(41-212)
Q5ZT96,,lpg2266,AVR58_11340,No,1,CheY(1-183)
Q5ZT92,,lpg2270,AVR58_11360,No,1,Ross/NAD(P)(1-280)
Q5ZT91,,lpg2271,AVR58_11365,No,2,LPG2271(1-166) TM(110-160)
Q5ZT79,,lpg2283,AVR58_11425,No,1,diso(1-132)
Q5ZT65,legA3,lpg2300,AVR58_11500,No,3,Ank(1-162) AnkHins(163-363) AnkHcap(364-467)
Q5ZT54,,lpg2311,AVR58_11555,No,2,RidL(2-857+1109-1147) AcylC(858-1108)
Q5ZT41,,lpg2324,AVR58_11625,No,2,FADbin(1-260) FADoxiC(261-636)
Q5ZT38,,lpg2327,AVR58_11640,No,2,Lem22(7-91) HR(142-263)
Q5ZT37,,lpg2328,AVR58_11645,No,1,Lem22(1-103)
Q5ZT21,mavE,lpg2344,AVR58_11725,No,1,HR(1-171)
Q5ZT14,,lpg2351,AVR58_11765,No,2,HR(1-102) ARM(103-265)
Q5ZT06,,lpg2359,AVR58_11805,No,1,YqeY(1-147)
Q5ZT02,,lpg2364,AVR58_11830,No,1,BRCT(17-121)
Q5ZSZ6,,lpg2370,AVR58_11860,No,1,Pkin(1-312)
Q5ZSZ5,,lpg2371,AVR58_11865,No,1,LysIInh(2-185)
Q5ZSZ4,,lpg2372,AVR58_11875,No,3,HR(1-106) CheY(107-278) New?(279-422)
Q5ZSZ1,,lpg2375,AVR58_11905,No,1,RibH(1-149)
Q5ZSY4,,lpg2382,AVR58_11940,No,1,ProtAntiP(1-453)
Q5ZSY1,,lpg2385,AVR58_11955,No,4,New?(1-156) HR(157-290) HR(312-447) PInPhC(466-595)
Q5ZSX5,sdbC,lpg2391,AVR58_11985,No,2,ab_hydro(1-336) SdbCC(337-403)
Q5ZSX4,legL6,lpg2392,AVR58_11990,No,1,LRR(1-253)
Q5ZSX1,,lpg2395,AVR58_12005,No,1,diso(1-119)
Q5ZSW6,legL7,lpg2400,AVR58_12030,No,1,LRR(1-314)
Q5ZSW3,,lpg2403,AVR58_12045,No,1,FlikC(42-151)
Q5ZSW0,,lpg2406,AVR58_12060,No,1,Fic(46-359)
Q5ZSV9,,lpg2407,AVR58_12065,No,1,HR(1-101)
Q5ZSV7,,lpg2409,AVR58_12075,No,1,ARM(41-203)
Q5ZSV5,,lpg2411,AVR58_12085,No,1,HR(1-275)
Q5ZSV0,legA1,lpg2416,AVR58_12110,No,1,pAnk(1-368)
Q5ZSU6,,lpg2420,AVR58_12130,No,1,AcylC(14-82+102-183)
Q5ZSU4,,lpg2422,AVR58_12140,No,5,ab_hydro(12-294) LPG2422ahydro(295-426) LPG2422hbun(427-510) LPG2422hbun(511-624) LPG2422hbun(625-720)
Q5ZSU2,,lpg2424,AVR58_12150,No,3,CofC2c(1-151) CofC2c(175-283) PLPtransC(284-424)
Q5ZST3,,lpg2433,AVR58_12200,No,2,Cyspro(1-249) ARM(250-471)
A0A3N9YH02,,lpg2434,AVR58_12205,No,1,BetaHel(13-155)
Q5ZSS3,,lpg2443,AVR58_12250,No,1,Lipoc(49-179)
Q5ZSS2,,lpg2444,AVR58_12255,No,1,HR(1-135)
Q5ZSR5,legA14,lpg2452,AVR58_12295,No,3,New?(1-202+309-450) EF(208-299) Ank(485-921)
Q5ZSR2,,lpg2455,AVR58_12315,No,1,Ubox(30-128)
Q5ZSR1,legA15,lpg2456,AVR58_12320,No,2,Ank(1-166) AnkHins(167-466)
Q5ZSQ7,,lpg2460,AVR58_12340,No,1,NTF2(1-127)
Q5ZSQ2,sidD,lpg2465,AVR58_12365,No,2,ThrPho2C(38-337) HR(338-501)
Q5ZSL9,,lpg2498,AVR58_12545,No,1,LPG1960(14-272)
Q5ZSL2,,lpg2505,AVR58_12585,No,1,LPG1670(1-277)
Q5ZSK9,,lpg2508,AVR58_12600,No,3,SidJN(72-252) Pkin(58-71+257-698) SidJC(699-755)
Q5ZSK8,,lpg2509,AVR58_12605,No,1,SidE2(1-320)
Q5ZSK7,,lpg2510,AVR58_12610,No,3,SidCN(1-602) SidClipb(608-721) SidCC(722-874)
Q5ZSK6,sidC,lpg2511,AVR58_12615,No,3,SidCN(1-607) SidClipb(615-730) SidCC(731-872)
Q5ZSJ2,,lpg2525,AVR58_12685,No,2,Fbox(10-67) Ank(76-441)
Q5ZSJ1,,lpg2526,AVR58_12690,No,1,Macro(1-380)
Q5ZSI8,,lpg2529,AVR58_12705,No,3,Cyspro(1-303) HR(304-408) HR(463-560)
Q5ZSH9,,lpg2538,AVR58_12755,No,2,Cyspro(25-94+193-463) MacroT(95-194)
Q5ZSH8,,lpg2539,AVR58_12760,No,1,UBCl(1-100)
Q5ZSH6,,lpg2541,AVR58_12770,No,1,ChaN(1-249)
Q5ZSH1,,lpg2546,AVR58_12800,No,2,HUP(1-277) HR(278-464)
Q5ZSG2,,lpg2555,AVR58_12845,No,1,HAD(1-181)
Q5ZSG1,legK3,lpg2556,AVR58_12850,No,2,Pkin(1-320) HR(358-427)
Q5ZSE2,,lpg2577,AVR58_12955,No,1,IIB(67-198)
Q5ZSD5,sidF,lpg2584,AVR58_12995,No,2,PinPh(1-744) TM(760-810)
Q5ZSD3,,lpg2586,AVR58_13005,No,1,Cyspro(2-352)
Q5ZSD2,,lpg2587,AVR58_13010,No,2,SGNHhydro(4-382) HR(396-513)
Q5ZSD1,legS1,lpg2588,AVR58_13015,No,1,MPhos(21-385)
Q5ZSC8,,lpg2591,AVR58_13030,No,1,ARM(6-134)
A0A077GS41,,lpg2628,AVR58_13215,No,1,HUP(69-209)
Q5ZS82,,lpg2637,AVR58_13260,No,1,HR(1-342)
Q5ZS81,,lpg2638,AVR58_13265,No,2,New?(1-280) HR(283-386+413-435)
Q5ZS41,,lpg2678,AVR58_13470,No,1,Ross/SM(1-265)
Q5ZS27,,lpg2692,AVR58_13540,No,1,HR(1-176)
Q5ZS25,legD1,lpg2694,AVR58_13550,No,1,BetaHel(1-276)
Q5ZS02,,lpg2718,AVR58_13680,No,1,MPhos(1-460)
Q5ZS00,legN,lpg2720,AVR58_13690,No,2,BetaHel(1-151) BetaHel(152-343)
Q5ZRX7,,lpg2744,AVR58_13805,No,3,ARM(1-121) SpoIIaa(157-262) HR(273-389)
Q5ZRX6,,lpg2745,AVR58_13810,No,1,ARM(9-644)
Q5ZRW7,,lpg2759,AVR58_13860,No,2,HR(14-136) ARM(137-468)
Q5ZRW4,,lpg2762,AVR58_13875,No,1,Casp(11-171)
Q5ZRT5,lepA,lpg2793,AVR58_14030,No,2,HR(1-555) Ank(914-1147)
Q5ZRS6,,lpg2804,AVR58_14080,No,1,TM(1-376)
Q5ZRS4,,lpg2806,AVR58_14090,No,1,TM(1-307)
Q5ZRR5,,lpg2815,AVR58_14135,No,2,TM(1-577) HR(583-679)
Q5ZRQ4,,lpg2826,AVR58_14190,No,2,GluAT(5-179+291-393) HR(180-290)
Q5ZRQ0,lubX,lpg2830,AVR58_14210,No,2,Ubox(10-104) Ubox(105-205)
Q5ZRP9,vipD,lpg2831,AVR58_14215,No,2,ExoU(12-27+314-362+405-550) PhosphoLip(28-308+363-404)
Q5ZRP8,,lpg2832,AVR58_14220,No,3,ARM(1-275) WGR(276-390) HR(391-539)
Q5ZRN6,,lpg2844,AVR58_14280,No,1,diso(1-361)
Q5ZRM1,,lpg2860,AVR58_14360,No,1,HEPN(1-147)
Q5ZRK7,,lpg2874,AVR58_14435,No,1,Ank(1-254)
Q5ZRJ7,,lpg2884,AVR58_14485,No,1,TM(1-245)
Q5ZRJ6,,lpg2885,AVR58_14490,No,1,TM(1-180)
Q5ZRJ3,,lpg2888,AVR58_14505,No,2,HR(1-133) TM(164-577)
Q5ZRH5,,lpg2907,AVR58_14615,No,1,Cyspro(61-370)
Q5ZRH1,,lpg2911,AVR58_14635,No,1,ab_hydro(23-423)
Q5ZRH0,,lpg2912,AVR58_14640,No,3,New?(1-122) AcylC(123-343) HR(379-495)
Q5ZRE6,,lpg2936,AVR58_14770,No,2,RIFT/PUA(1-79) MetRNAC(80-242)
Q5ZRD0,,lpg2952,AVR58_14865,No,2,Cyspro(18-226) HR(227-337)
Q5ZR84,legP,lpg2999,AVR58_15105,No,1,Zinc(25-266)
Q5ZR83,,lpg3000,AVR58_15110,No,3,HR(1-244) LPG2148ins(245-336) TM(370-599)
